x1,x2
111.02459368947301,-11.050773733743805
97.4082460249983,-34.42438025041086
115.56165250856286,-35.8278003469567
92.33521788672539,-2.214306211861363
94.7093790183474,-31.235016951594766
89.04748831220205,-8.469357949303797
94.5524320384217,-24.14917938316878
114.90876334282721,-7.850175400257061
91.90199768156364,-26.76186407218973
115.72327563905048,-17.54321758362541
96.41459067946477,-2.3421997466924047
90.85078847992135,-10.576734655749036
112.58195659796846,-41.805197776129475
95.5106894475455,-40.58485053591207
116.11282476034972,21.71161217398852
96.61729633014247,-35.59752310615268
93.62067480634478,-31.400550664582124
96.29149442114719,5.248475771883644
120.07919416901551,-13.054510476662886
115.75788736833601,-10.719941376516607
104.7309502918598,-39.87644372455034
112.01705579217287,-26.764551678289365
77.99105312081647,-17.059169748667422
96.17720409779503,0.21692357354224612
94.59684114147738,-20.91518562567692
82.4470651281499,13.650319825380429
80.27564957226045,-50.65738374119579
102.34444488922955,-17.78832647621631
118.11081285732224,-14.918041413943724
108.23598191188259,-21.36659251408062
94.93479143822762,-23.155857094604286
104.96076201935645,-26.631764412626612
106.84479733079145,-8.207394786220874
109.35054732604814,28.06602819360434
95.733681125238,-23.381789935768992
114.22396537501987,-35.50224573032696
92.45121513739237,-46.51351360213529
104.8439838017886,-33.400502215662684
80.6013817180724,-11.75507101871882
106.1041928789107,-12.834849778010195
105.03641399692506,-17.922369131010548
93.90367004265623,11.53377436992011
104.44879468684418,-29.361602197841293
102.60850959268899,-8.883175202578869
107.55422943151949,-9.033517867838922
105.75493995409425,-50.02446539927743
79.96795908972811,-17.803658065315034
109.90294593242758,-13.919876784256035
99.78704340054549,-23.28764453607522
83.32827665168827,-28.410291522164023
90.90272222280569,-19.92299003959081
109.02613103362268,-11.372014220094242
79.5626783067725,-30.695868196367947
94.6141912033677,-13.774918433898655
112.23287246443662,-10.003670534463886
105.46880981122135,-9.796386279089958
89.56152245343222,-5.658268735109589
100.3817307102207,-10.601366051314082
104.82291460197038,-30.367148879199753
104.99078362064968,-24.78653866360183
55.424868611337686,7.842938555399453
77.32486025110084,6.265894547007925
94.09768917281772,-5.697206464976414
95.3680767872682,-4.992941949504514
110.17749387256075,-26.662224958160962
113.99693540836232,-5.810093902318176
79.68557857929639,-22.957227093148635
91.3428480315005,-41.4190368177356
95.53893219701067,-44.553716814053075
107.1393021016535,-32.355575174164095
119.59237978979752,-17.5675581716587
93.27910549106146,-2.0816617077557993
136.21671134185374,-34.44213853629147
93.74007098094087,-8.84633588474499
85.87601311442016,-56.1310808273061
82.4886406528959,-11.28105024806672
105.29155895951446,-27.9189681524403
95.08814211481918,9.681058873659008
117.11758552247521,-32.5707493811577
90.87234288945452,-23.090871446576315
107.512172435561,-36.03490409318624
106.33832924806094,-64.42922792583454
83.92309863949019,-31.327040856484835
86.99109540923617,-40.88380920836573
88.07782101649752,-16.62264341910886
98.81142051885251,-11.066702216902996
99.18550821096134,-17.14494303194379
130.96164938686078,-4.610155047293743
110.0525445143008,-23.73210843295669
125.95425382501978,-8.75853430846011
137.37139085134464,4.607482413442835
95.74382454777395,-10.570513400619191
88.7964777437302,4.529513215674779
151.80279875280073,4.506092498129181
99.63925273704515,-22.78212962126845
112.28271858933643,-33.82144799824847
97.76750001908516,-12.465755587400315
116.17542018152639,-5.424892601336165
113.0876799708005,-40.004967126546816
100.5921447285601,4.5456669201308415
97.2587363370436,1.4591485273880664
70.6248682024349,-32.04886727953041
108.1247267527062,-11.213968263735545
91.19122947104745,-4.501197900898164
82.21384201643194,-22.493095276423823
92.43642644880109,-14.025234889504556
89.4637079363317,-44.01328148963637
87.45378827606831,-12.715014586377562
142.6643130813323,-15.734785605747275
101.7542778404752,-7.397223607021008
124.09500425152521,-46.24232670272663
111.12096262528618,-22.849690250106867
107.24743843647569,-17.037538674841336
111.07862164718654,-7.409816481496529
88.25799998110615,-12.830233026314414
87.44382714322302,-23.348612125353185
102.43362317808293,-30.514676787399605
86.99428475724264,-2.858468422588089
103.03776676653752,-29.58214140144342
82.30297264523705,-21.605588195870123
92.49664754405742,-2.7638960308098426
84.77321911475465,-31.089898183001925
98.80630244339477,-0.3513121240846715
76.33162658304369,-23.88619297300927
117.18965042520806,-12.681564582505565
114.69264161417206,-45.58524502952719
112.43820178946173,-7.957756710802984
77.45456426117906,-23.406277941515903
88.50243165704812,3.5265635706986096
89.29473854584718,-17.67953280791435
94.76728263869313,-15.485691195155272
117.64590638848382,-19.552290836963056
86.95786797434315,11.301355581924721
92.43647438102069,-6.129448401155747
123.85715766604635,-20.478507338820474
89.85948855674263,-17.840582051164912
91.53747671428732,-30.048240448528382
106.83777716595276,-39.3072051341413
96.28847940294672,-9.587310923499444
116.40655765099619,-17.338766315804655
81.32687005947945,2.4774998878653065
132.3272143595442,-14.935334940503445
68.34339577071731,-25.014066262600387
119.02072758309461,-36.929890249248004
92.50861342200578,-13.277857354670886
94.30868795572799,10.388671782423625
79.52078866410332,-7.350424708763308
99.61570021308293,-20.82195280862005
73.95698681409793,16.751112338607733
92.49954668471882,-47.77614069828839
95.72849893770142,-42.330320316620416
94.80112053184399,-18.84151168882005
92.54063177312547,-31.35731872409267
106.19700908171819,-21.036047482094578
93.31189228990024,-33.50182825488759
92.03821305842602,-21.45450013169573
107.88986630007693,-13.238693187699939
118.82846842858163,-22.025908269274694
84.92950749695564,-25.20433658819272
116.572166159836,-17.375306090878286
51.10753726823118,-21.587952351488674
94.48338258131646,13.105664058731108
91.06304310409152,-28.0695168851888
104.85393118801997,-39.25845067279816
110.4849715586472,-8.092296439784276
96.33133542972855,-28.718047618410466
121.41027782702687,-33.510940003686216
101.4153051184659,-27.9560785845854
93.37429876663113,-30.7441426476634
113.83518353336062,-18.806782152936652
110.16861067251241,-14.474031386138876
105.83561445383047,-18.856721248479648
111.89412069019315,-15.326531420222711
79.20783771111476,20.737709773956396
88.06566145534504,-30.48871213279202
135.28824943493544,-41.44172019947954
95.38553124208164,-15.331812808078418
63.957955845101125,-11.34884387577478
97.01742089118414,-36.13251396808242
77.84559932618589,-38.84484824334233
68.82932084867193,-17.55608779683223
95.46726264722957,-40.94384638874224
78.73592557555348,-3.637324432676863
123.47980042989542,-8.430158017855897
99.88248195660606,-41.124806110081195
122.20551893284818,-17.37778395570534
114.94423421442507,-34.13386269504391
101.05251924822375,-32.562244384193754
94.53351983591494,-34.514921560051796
122.14653502314572,-39.44307260754333
122.91600045477658,-20.597313988498474
115.87288985358373,-15.834434643553116
114.77157929980281,1.148558643551123
66.08490181483293,-25.116799877817876
81.83550789734014,-24.276992942212896
83.24606481520459,-53.48127113169382
97.58540852394765,-38.858295898846336
112.44617448846911,-13.72335170911739
104.02979995441042,-33.17012712210243
115.40778349372869,-16.86572900986681
79.53769722458374,-9.653609165162061
80.21624427619446,-4.053409756451478
102.5523231546822,-5.9632516870890075
88.93278913755658,-3.4351601281515443
118.7215021055448,-22.884124890566582
93.6188109572657,-15.764117723195007
88.97763867454678,-25.40853687073285
106.51585859869732,-33.96873798515182
99.49358370963995,-29.802242243021162
127.42431904194893,-26.579450598651373
104.35851656720143,-14.004324981684205
80.48255508665433,-19.057585211372544
90.52179250160077,-11.557375783612752
131.8219030454,-23.13959514514284
78.62724170728141,-3.768601218540134
106.50376910513415,-38.1560156928181
113.62555412834622,-4.316802103604186
79.50739192811284,-0.11010017206904976
105.27908132992054,3.406687300706558
120.01535645398695,-36.57657945487726
86.73233926942797,-3.071480146516123
78.23700360118613,-37.28319540882414
129.52362544040545,-13.82690786997274
102.4901784183914,-11.992712487175263
137.96856281612983,-10.874764700225814
93.25134567429346,-13.666116998839476
132.1560553440929,-14.491253326371117
82.8228621146768,-29.398664942961968
101.2342497882519,-11.109154729432412
105.25059361156073,-24.111087463147122
88.73380949042851,-23.250443135619754
105.39797325782482,-5.875765012641811
107.59692408092664,-12.756796003599954
111.91599850969357,10.438307676817129
117.40943351094894,0.8740246141679862
85.05052865674736,-37.475888660623994
138.31978007292417,-33.73483863437855
79.43993419399222,-11.454925267732833
91.5636547486989,-16.03344620253802
86.36262771303308,-30.627123641742813
90.41814682112403,-24.593562878792017
100.27087199014078,-28.400331897413217
109.62685921005398,1.7389950149963127
85.55245863677004,-2.072162430254064
79.13350045892307,-5.48098822874622
85.05784716666162,-21.17803120014905
97.67361975939367,-41.001242483878634
97.09313650085733,-29.436834783636513
92.3634527531176,-13.226511917407308
83.83724368299174,-5.9658716932761795
92.39948105908593,-33.26554785509743
117.52605367050948,-20.221135894075505
90.40589908441254,-29.28530658479838
87.42702612485702,-37.14516996393644
95.4189435269358,-17.7204785380465
105.94866589887003,-33.85836720451618
81.69804484397446,-24.013069041557173
101.52128340010141,-22.2583608666516
100.04498495179789,1.1515534852005125
85.29573207934514,-52.242314764115704
103.43547351092191,-8.665328325441392
82.59963500948946,-6.592105391200645
111.50358140079648,-28.517734101212888
106.36623440157288,-23.721281414653056
98.49524051087859,4.7322447031996795
113.3606735627366,-24.254766807539234
93.20965133855039,-20.49370671011705
90.44263477912278,-19.56367611795043
94.928583921861,-15.339545375246512
89.50319923634663,-5.8492981890095805
108.56599728762586,2.9226020142044433
73.68362614522228,-13.271431007403203
84.0534585626062,-8.714363984382931
96.63451647044954,-9.13329282624407
97.60053822887026,-0.31700527237627796
115.40720285332996,-11.890783532889065
92.5086064813967,-19.298420842860068
105.14284106464855,-11.652571733525399
106.61613425405585,-12.170696295593707
116.89322244401204,-33.13556888630676
90.34898414217355,7.003095146391342
102.2677839914429,-13.854923178767091
82.3167532580515,-4.280926417335497
104.10226589488384,-28.844825839079707
103.97111103499378,-42.986817083239195
89.84510658572134,-36.78247974079152
98.75333843718519,0.7817119741896725
104.24770694695295,-10.862049612318321
112.84442430221868,-23.143784545110275
114.40919554916292,-20.555136762382787
80.99808766022593,-17.457407056368112
124.73521768613514,-5.074592201048327
105.34983364551137,-3.6261408591965605
127.41883025540756,-18.988078111394227
93.61959166798354,-16.332841132643534
90.89756027506165,-21.340545224505245
109.12623845948022,-32.567336562354605
113.06592409896403,-16.64603613386118
92.47682182262427,-43.31146214518614
114.02234597175122,-33.70264161369339
109.09363165706998,-22.3869842318031
65.15169453982654,0.5129557811861325
102.21444688246147,-21.428793843056578
70.05356010172524,-33.18712285298489
102.22122258074232,-9.03618645228124
111.92729459550088,-1.0430662667365915
100.83018633377809,7.164239504430473
77.30636237744012,-12.822392780245261
79.84788632384692,-2.6166283987910397
82.26351688789046,-26.576501492839
49.012740262098106,-0.5622068863998351
62.20612314393195,-32.86063958816996
111.80230667334475,-13.031696053950524
102.05492855225846,-18.203010477136484
102.45780327328852,-30.305189159290556
76.36198577443892,-34.791753307756565
104.73863868650878,-20.50789977410631
89.21273583660718,-47.73400975191636
98.24333543641629,-54.99981727015877
102.83956803512928,-18.336115136291433
98.2144475889074,7.693516531195478
118.91579988049925,-17.416160239668947
73.3106732484845,-17.600731773950006
118.8310141584024,-11.774818945322675
88.86784168300913,-18.919975454356713
96.738884907665,7.813142441038789
93.79814552556658,-12.242080926497911
103.85087612604124,-6.858694137965861
122.0209600492384,-10.408797646842192
104.38336092537597,-32.62145029187998
104.54318817347848,16.178737005823777
98.7032380130848,-49.759241414876
109.41339566067025,-26.644299896216793
101.8631985196417,-3.1241521580948763
112.10597544455715,-12.997405608688759
96.82948326720377,-40.501366262381595
113.08247919020717,-15.017838289302478
103.12809267834797,-19.333854644422914
104.77921066982849,10.079358211281495
65.83775677867308,-29.37284454645644
91.5312369933572,-24.733542547556407
116.51519198586816,-17.621776241903593
77.98857717474068,-36.20839030475581
117.99084069381664,-38.25513402444142
108.5066154779728,-5.835113552213022
108.38498076355259,-40.46234634197516
106.93159720963492,-32.03742303222241
95.40669981012388,-3.2632886153767444
53.528007622670295,-2.918205250857639
96.91593040737604,-23.632991823793077
104.15250781366035,-30.336880658816185
96.68821854782725,-34.17436445014634
105.32540713694948,-26.38283333831307
100.75390442255154,-3.140939458800922
109.2354348148655,-48.386599022837686
70.79482837538015,-38.70339459853445
117.10438043311025,-34.72691973908647
100.27827107919805,14.694190601378978
87.74405093480877,-13.257004760258454
99.14359459499511,-21.4624700749627
107.95986445959299,-23.577705339943332
102.95274532845492,-24.560418329993553
97.6078751933779,-6.267802221573371
117.7251781883018,-1.4466830563395128
115.82769477020406,-9.014631417145207
101.96045511839888,-20.772546430555796
108.7743925589958,-17.04233590357838
99.48294127621028,-19.932732144452988
70.36133519360146,-12.825477887349177
98.22216544732599,-31.37132373683022
97.66822757598919,-33.12312495765874
114.19883297936335,8.6839430933667
92.99960824535145,-17.287473907455645
93.10346786439926,-21.809735824881287
65.27197931853644,-22.140965258745055
114.73996810711927,-21.83227335149247
133.11056476186167,-21.82065378379707
96.01715548468559,-40.036446882660854
94.34627127035444,-37.79324334118026
105.05986469102342,-39.94341669951173
99.79204224479868,-27.26056477256246
71.09734603025801,-22.419131090947737
80.50188598867193,-28.086113227406212
94.97332687292221,13.003913927166153
125.7128977996406,-23.11611035722666
108.5552205792317,-5.769741102060433
115.22994040557849,-43.1874162132698
124.39309972041869,-27.77730251037002
137.26136350918196,-34.67253966565542
107.18963409627712,-34.07940305813137
98.90912351662296,-16.31085700292754
105.71126645124316,-38.45681682977695
88.02770087674203,-27.88890236750866
81.40137701407227,-8.527005939391612
77.8204761100105,-24.041728300262385
113.96654999915273,-32.104177942010445
82.13888273543623,-6.305398322850575
81.61660739516483,-45.69181279537361
90.29510732308832,-35.43900989058466
97.2864663275371,-15.38403360231828
107.17606925128668,-15.497948975576808
97.38045893319001,-24.657672148865096
122.00085974976597,-3.5735121864290456
111.02924702704412,-15.960291743333682
80.60112327776434,-23.076157983872676
100.88924433363358,5.313244792351448
128.20592041006134,-38.50887406894781
72.84484576522257,-18.36189027669811
84.88641767664258,-26.759891037095446
97.51944713640509,-32.05573941215924
84.23104569468768,-20.645107870203358
93.59511954530535,-12.9447982121054
93.1530663866571,-22.5649423487328
90.13173118798989,-26.571114643261495
93.06033191314938,-28.76870824880394
72.53177816846329,-25.48790108204605
83.60061271479614,6.51591410991124
121.37608561886428,-17.435579008692798
92.66282764374404,-44.53152133979692
96.43851887714506,-38.085509111879446
116.03758787020217,-26.195273706970205
79.80349902956783,-20.42302401813612
73.45863733351935,-50.47389969018313
98.30515802820919,-22.77598385548283
123.52133764697766,-27.633172115722502
113.1563150713796,-17.969598305589418
124.57337904714569,-36.22058875042955
97.34219165441381,-27.75062537840267
115.09368287546094,-10.21425197654709
101.7352819045329,-26.400929770310086
121.79824682189061,-30.877315862631953
100.93812457015386,-17.664018662018375
98.97357227878123,-36.61703881365985
99.95335439615809,-28.38474925565322
104.31141370957269,-10.528919609887437
128.0819278237849,-30.426279573960194
119.07217657492129,-10.603772835559306
80.50452982093135,2.647457340782978
97.76251625514811,1.9373860062856458
104.21092144249154,-26.818608263148697
80.8969666549517,-19.04230018514504
99.83189341385969,-42.120245831266246
95.73099384652458,-12.74966858718107
108.52505182149835,-27.84122135244384
102.44752998349907,-28.585278256640635
102.66445369200913,-40.852665825790865
88.33857867197281,-14.722762027880025
91.88323907143334,-23.504675664461885
111.5032225877715,-13.351334718250742
82.03658132752179,-0.8911219099806118
93.45371157137124,-0.24699278711464956
83.59166402789063,-32.709015866984004
77.53564958606853,-27.490720119723274
115.44115722000792,-35.00612519718202
91.34045547684124,-37.62143394328478
104.26702098109818,-12.540728246742903
111.80351629365882,-29.82961282885139
129.8321579032699,-27.780553402432144
103.74593025216575,-26.09326259988795
99.0102683582418,-10.32235320659749
70.74678914764995,3.204309182979298
97.38792338056481,-41.640042864330205
90.6531570869949,-49.18204479898894
94.9277200210587,-21.381647363102125
92.54837266439793,-22.213977399438694
102.82187733590996,-14.542213600472198
100.35133271489292,-11.41291893383547
94.45485848662823,-15.343830611408588
108.91329569116346,-28.63076277596867
79.26587572635304,-32.49155949118023
91.51742183305149,-22.351689470681663
94.52606369146886,-10.6435300280052
72.56586723092306,-15.069733454770896
145.0520796989374,-36.08008055686395
70.52547586771499,-26.527558764746885
112.78453041392731,-11.463243929560413
72.99539909414935,-8.036839373586066
98.68408998533978,4.647966131084122
95.83354392617252,-15.933064856169953
137.91992163206982,-24.377720304609873
111.83022449790506,-11.3144807157645
85.76720127436927,-7.6690272791751894
95.83418193828332,-7.555885204090259
93.61687599659662,-20.386138782594898
98.8864887415078,-19.283405678931814
86.57879334178865,-18.395824352349916
103.00629143092104,-8.418093367010904
118.22227940511385,-27.94953710077547
110.289823890701,-44.36159896324132
83.9472894267543,-36.947809063325096
75.06702718148829,-10.613094417333084
131.61702530922437,-11.847323346903586
85.12227335798579,-34.816502531533914
74.98686434166204,-25.551839436004247
102.26876033652651,-42.09169289133514
118.39338918269144,-27.32905257566157
82.26987402447097,-2.493103680639102
100.77619884878933,-22.800285502750423
93.45218008400474,-13.89836090469505
126.88016419697034,-50.34688084624965
-21.13428008498993,10.807650965407918
-34.750254181084735,-4.259191383588128
0.9771608595550312,-2.233047049310459
-1.725306242904626,6.553639746734993
-20.98149128032666,8.164193918255835
-12.994881423936858,26.945446224567405
-35.673934329697815,18.544185053159215
3.642273707387453,-2.084874309004217
-28.94725298540157,31.434268087739056
18.893640980206726,-19.843771977597505
-6.279813546132523,18.969290772266163
0.793748147643818,-9.36777388980338
-14.786097191341092,10.690102117335476
-17.021751817826818,-28.43234235263295
-16.98202255890088,-29.768086150362166
3.389491888465841,3.107157258941646
-23.12981619541749,15.18241207969746
-15.846537108883012,30.01433867882796
-38.26430372934824,14.188741411089385
-30.71410162930419,17.977850818395158
-9.826910730190557,-6.927580061815963
-27.355308141665997,-3.1220794113626287
-24.555643331940708,4.230558574243673
-14.423270821643197,-25.522563779859063
-22.8571221590351,1.91683488948423
-40.46112416417941,24.515236178798432
-36.91101882926096,-12.41646471233896
-22.67285648208297,24.176208021922072
-14.06705104479521,-34.21667831505203
-12.047952228600462,24.443618259741783
-45.830572620700224,2.6625163286887403
-12.272390951026031,45.10317010252292
-33.24751753346369,10.177001770166585
-43.11041489935921,-9.012006725694832
-17.127774119668867,-28.127087190809775
-38.777214571697385,16.543028867154472
-42.00492764314696,29.924581430464883
-11.860267860686246,-47.39288450240193
-8.899380764082329,10.314639768354747
-13.635424577788111,31.863470082501074
-18.680968502456974,1.9339001430074259
-53.735794313037694,13.133916493083948
-13.132709382283478,18.829153256603412
-43.7700275853535,6.305736889127759
12.110181009421538,13.038822291124614
-12.464258703538132,-6.364812717507505
1.4777193175204921,-21.758175499057067
-2.3854675690274227,13.312484127383703
-34.59341456093746,-6.739415776383584
-8.649123025153923,24.549132564639102
-18.02992246314212,18.745961116584247
-29.52039877004057,32.14216642096813
-17.140091337545048,5.507735646744201
-25.70045189596733,-14.234663115212648
-31.184741331504533,5.52132410439471
-13.97073598060194,-15.185628215937239
-37.101453177936186,14.676605830693294
-32.58312605795801,13.428339607838994
-34.9121761827824,49.438648012322936
-12.774975452663714,30.70954508617516
-27.197988690937382,-0.5767875419051354
-6.972281053723874,25.812006297188752
-8.566158555436969,-3.7038780115380625
-23.596846300333567,13.642106005634272
-24.09704374393693,34.56283057379215
-16.689577325107596,8.452559816239283
-30.088420188093064,13.618678236388217
-2.0932604778674957,7.874690592722649
-28.295811544494363,19.93456743063897
-46.52108977180606,-11.83861237307751
-5.489165019340453,-14.210113383847016
-18.900186061347082,7.957975790127497
-15.181971202845409,40.03411211649359
-21.4285622252347,18.820519702411517
-11.965473514026067,-30.913285430772234
-9.186859199357666,31.920386410649634
-61.11322339602606,13.28805370646528
-12.194200431882896,6.661587568879212
-26.555848184685928,-9.620052889940013
-21.310114616492417,23.843220280549954
-30.098660917515197,20.416401845764803
-43.283132858574305,13.42972505070372
-32.83647610509401,10.60514281742062
11.883069142015664,24.94669872276005
7.717207179518272,-12.738432576415427
-34.35427592875715,44.013248578855524
-30.23413615786756,0.05176685940038439
-28.85750436820724,-4.679430081243957
-17.471602147727225,-23.1532765953921
-16.78872630915825,-17.795465399042335
-62.599187252527656,7.8288031915921295
-2.762142107632357,-13.93315830560638
-28.556801725958262,9.73992700725822
-24.91544145641715,-35.26004876244983
-21.1943011731327,7.385159213811965
-8.181006510563233,13.630016607560625
-17.703720566722332,-9.355010006436835
-13.570847323327602,3.854030315118994
-41.498001967018965,12.733496418042709
-38.52504830542854,14.99444987915071
-12.968413789480609,10.441518980325352
-19.093305702793725,-6.7627948517241165
41.55793441193863,-9.901490296005
-1.2362199056373449,10.07088230042638
-41.61840506174059,6.883488839777607
-19.353835915211768,15.914854793097984
-22.450814416384283,18.093706636280125
-24.84295607128552,46.435062974320076
-31.449604812052918,8.829310258713724
-16.23693030994925,23.14549094948223
-46.646323627497786,-31.2310362149475
-21.12337223295348,10.636032088161963
-23.003939894595653,36.95777249781694
-16.489081962385885,-7.336465669659248
-8.394770777009466,13.504986805318595
-14.638801856705305,40.95153226530003
-45.18416097651489,16.76865456448973
-2.5144051685867126,16.72709571730194
-37.34489985883041,17.794240121461993
-29.659240423545178,-20.929760647347205
-19.20785119156418,12.59326653525725
-24.943520181819167,27.123796731665553
-4.4268515879847286,13.936968552207977
-32.72245477697092,8.797123729255201
4.7042444651453685,48.59747366805674
-48.779982277099144,22.427191662816313
-31.37796168624416,26.970931725329798
-21.366513234082912,-15.58899874208441
-29.84248617276279,50.75604293953358
-16.145517874304524,33.1223201424876
0.7082445011253107,26.147993745607966
-33.153785074242776,2.412446256961214
-25.54955004382689,-4.337029957539762
-31.51123809090062,34.088033096049244
-44.8860767910407,27.807776392295153
-21.545243517587025,-5.073034061911233
-41.711651147274466,-20.472290846008036
-39.24929519065823,39.33066733318729
-33.26057283615545,25.931545772937945
-30.35571534609543,-3.7448987794198096
-31.86157264262122,26.725779655235577
-26.545696367525316,33.62407122525034
-27.390605907674185,36.826304754446475
-35.624154960527456,16.171133940415395
-6.25468563553426,14.582703711371888
-20.234307924474855,36.66294432383028
-30.845401902334967,-25.589577542545577
-5.1993374936372945,14.227648257748095
-0.08884288640875937,17.748525850396348
14.109365542051897,33.44457205304926
14.255101176996781,-0.5295243237515166
-13.88733858394302,-3.8190672101781367
-22.02244200382914,23.277651322219135
-22.418727379592966,30.33352005958165
-21.698532579080158,16.779871162126252
-24.981421658595714,7.90054813040352
-23.049491248717175,-3.0277047044655383
-12.147740118649063,29.277767590187473
-16.21549221087561,-4.052517864811451
-17.380418670941232,-9.440752241706441
-13.103234320607275,3.269323135152132
-29.61088947903694,24.36410571221901
-23.1149416608748,15.304476065648142
-22.968657151539325,30.106551730677285
-22.27012635004623,19.25971092297818
-9.938196509962006,-47.7614402497277
-15.837066026640608,1.96316575672747
-28.016943059377134,-11.791172645305569
-42.34161663380951,26.87014810183311
-20.515503946936015,11.566321780603111
-32.964771164450845,-2.6124214173476794
-24.50227450041897,14.794858829366378
-5.384827304385491,45.857094788437806
-7.765378834256124,-8.692038737089703
-23.250155879862966,8.286867632745407
-7.791846213014088,18.48689924651885
-17.566600529872588,57.65075330131796
-26.321930716502425,20.644596688720412
-25.977275529129336,-39.31099178520733
-2.2622318147635703,2.4886836162324455
-22.23177818149181,-21.21993694256224
-30.62060093601696,13.481151353279722
-0.10560242015743171,27.66050226031996
-14.368986630934748,27.9385364574469
-23.316444796403125,22.274879548644403
-3.752022707051019,0.7027201036831752
-4.239240549069438,6.703950811940417
-3.9267804315461987,8.443833005195433
-31.554027831559196,6.841063666030207
-25.38948361155404,29.555636091018034
-15.233685373642466,-6.172978192742583
-27.81274259675113,7.158531503537679
-14.160449582069933,-11.469003909667709
-36.94704799356802,-11.09603398842927
-1.2319179381135719,-10.439472274626937
-25.682640727497038,-6.11102143761563
-38.03026420339518,1.4283753773492762
-28.945681418566956,24.019916275585278
-10.02707282178541,20.552312910704543
-20.59923547316902,24.312611334777706
-0.48754710769606646,21.20787192254684
-29.536090372980407,-7.608615906011565
-21.47638245957099,14.7376579572012
-10.292946846250251,-0.45317279804352495
-29.326629907069233,-12.183334410924441
5.279749063894236,32.14291760634839
-24.13902494531667,10.98105984774108
-30.548279082939835,-9.734881533845357
-27.146570009670384,4.484400966855384
-2.1878814092052252,20.916983197682093
-13.790684817043429,40.99957817486339
-37.59242584307013,-52.19068395026596
-10.190765315098588,0.8724175859684351
-6.605091447867366,15.752926301977901
-27.600092411086063,10.755695736264657
-31.783825910152153,8.417243597678796
-31.104138301045353,-17.469155902516448
-7.901849871171844,-9.890453131893175
-30.040280109661687,19.667564647698786
-33.36929726986384,17.959801418997824
-39.28204950630097,47.076254060896964
-18.326267166357297,-18.27344155279194
-37.13865070880064,16.913803636869808
5.932451771983757,20.443851333671333
-16.931929548081968,54.26915631185924
-12.239556031459196,6.038143903636356
-8.807794151308755,32.18188756606003
-2.2652554429652945,28.82326199015799
-34.97235427882441,8.186577908989781
11.731953005921426,30.917278064315997
-13.1659290994413,12.975328389172613
-26.187481365712525,36.91897460370214
0.6949852512804604,21.452664598934042
-17.558748738474037,32.025888441527925
-6.06556014217996,-7.972245046565732
-10.601084958622732,23.354327325954525
-8.00397867521251,7.247672778136127
-20.480439547564593,44.316912334845526
-42.440723117285366,11.215499093252165
-20.812083310484088,13.196879476682643
-8.512068297695656,32.912603723561816
-41.560410427982745,30.60245091186423
-15.729690890831089,24.630954552289598
-23.3738335766293,28.92413663922789
-24.32366765318731,1.4067406749784048
-12.03409872394424,7.351934125664307
-18.56016650774665,-2.2473605028563686
-6.107572611778707,-20.187006390782646
-33.76347462704344,-18.751663480756598
-19.41736673375189,-10.442605262648506
-55.40523709289181,50.88915208478495
-40.72605176039771,35.57358991240889
-12.900526856424982,3.3885463756856025
5.633688696164189,-18.740995785229103
-33.40805979354336,8.425890228215978
-4.17722052307351,-14.081039980474305
-24.249226642442814,-0.8351101944154351
-50.080890133581306,10.914697827244519
-13.597782590007201,30.69415752273524
-14.27949887455939,27.252562068406505
-41.97178587694093,40.57121505821756
-15.943660230257379,1.919171166099927
-23.85543568392367,-15.79547614994016
-22.11022083400336,6.777827126476362
-30.577315032494543,53.680481951730314
-5.139064282551153,25.093981383699273
-16.25772590957356,32.19278547527598
-7.577720126848211,4.022410096616424
-30.540249036231636,29.262307453716502
-9.169592268993313,36.40782592053372
-3.4538664589690775,19.264754690787303
30.497579309464427,34.816127085285814
-18.440841695615443,8.627781578369513
-20.645629267300368,20.362566613252593
-25.354809706993876,-6.320433548934506
-20.673549086526943,11.078718212070775
-15.043345060660554,-8.31665234822729
-23.705754022605863,39.96695561444006
-14.37460658359998,1.4598220534058228
-33.17458223423467,13.07989625697996
11.238319023046564,3.921632863604523
-47.94043361324225,7.491616262762397
-17.986044482907097,-4.001242687941831
-13.111222855165153,17.30376104719068
-31.195425730518785,20.666317275678303
-28.835869108422163,22.110182086789365
-28.573284406070368,-13.827803246402386
-27.50140992166409,12.475954341202238
-26.333698498520146,8.866739607331485
-13.14314243211967,-13.42250141186161
-13.293068596670846,3.087018116844602
3.047257624788621,47.47592820763789
-11.651880987544843,-11.583197878612161
-16.384369869128804,-15.251719721611174
-33.404528881204364,-26.061047708712074
-5.37264229516474,-5.67471975298378
-29.748474164338106,-20.86797643902424
-26.86662908241002,1.2922382153085792
-43.88266954545791,10.482001638192768
-23.120961647043302,5.174025978264426
-21.631207577464327,-11.662141024378798
-33.04923135152889,0.615774553693889
-19.899673733799638,-13.12006512015222
-26.26923082368888,-5.462236232033824
-39.575867162570404,23.269475135096474
-32.860307814824196,2.9686026960288174
-7.90772742821234,23.54075489527179
-15.79201917034707,41.574465227873645
-39.127447537288475,-17.128633498192244
-5.546995199399554,-1.000373360310256
-30.538125584818367,-16.666169707038726
-31.061081377073656,-10.569305745365153
-11.874814748779958,19.246520221060393
-29.721089621322,5.884654891419768
-43.30068298895644,1.9126946353779388
-4.700368659036577,-10.072078035343864
-42.622176640928245,34.100880644674874
-41.98946318439279,18.607562506907605
-15.20184489166623,38.60398533999702
-9.228577203998283,8.823616284918629
-22.905074351842906,-12.072876690395567
-46.6740973194201,-0.16440854417019146
-10.423363813441116,-3.8090863377553
12.677276553821265,19.813258531802532
-5.310538054071943,-3.242650716279641
-37.18875117079621,15.809480848668823
-20.773961495829994,0.8117914639480066
-9.43142656651175,3.286406995650548
-19.474322997207448,6.132517843662024
-0.298714949878633,-6.488604231660908
-17.679925321392293,-11.617864816705747
-36.48764071417247,-7.630546333730347
-5.923956499553583,56.2364376330563
7.436834015496029,60.93545970886634
-41.46910911548051,39.50195879432401
-37.92494499850568,48.98280149878803
-1.9516706930849246,23.287888571842082
-38.7582338223488,2.522223620351701
-43.29181274985782,12.942663911077169
-4.232593836870578,6.663669912427027
-18.196220496736373,-7.005859173163177
-41.93992076072065,3.883808278718652
-6.589105747212535,7.898327371770881
-4.511711003079709,50.24063464876127
-16.860949061498584,-13.481266004770415
-16.01102947986024,-15.368772211733788
-34.179775127550016,37.96720396897642
-19.90472188908811,-22.67942526084348
3.3828717510754167,-6.9729506546174065
-20.693903034790544,-9.710336345222231
-32.87942461652245,39.99634188906573
-14.360966622952816,-6.858014088413558
-7.888191995687691,2.267793941937847
-15.038952390706774,0.9792868693596368
-37.632184120470136,-1.642455261002107
7.435636379872371,19.58905028176587
-20.142958412767623,9.414747867422507
-11.830511317649135,8.940960473308454
-11.089837740263295,-11.264810784612433
-34.79475071394599,35.599586394954585
-24.60927785596462,-30.974325429205564
-31.33012878759162,28.659959938896854
-9.094293695801701,0.8085642883016355
-16.156070966206205,-15.263579027425891
3.2666609005647906,21.76405741167987
2.075405887527417,-1.5421769034212431
-18.54673265667083,11.250030081773719
-49.35053836254243,6.209019862446988
-27.71970035845213,30.701755689166742
-9.705779479443695,13.795084625891747
-12.528778924247138,16.26407949576463
-40.01886736135523,6.9018586000948705
-24.947407524123285,8.103997865804015
-26.758078438601167,4.291293104112366
-16.12035203988368,41.10845391992267
-27.808611752694098,25.875271930599887
-28.02768812592499,-12.464883239137468
2.0653926320453415,8.69641827519901
-14.440735548716017,9.927140175523274
-41.849847508393346,58.19111894211915
-20.211785093663924,10.486951005606514
-36.359818881887826,22.099525498210934
-38.62301398138983,62.70130380100834
-2.2876563775944945,40.54762710911034
-20.03564586821498,34.93790315734033
-35.56303469039216,23.806259529993568
18.587394039421575,-31.871641249450768
-32.47556898801381,26.815504272330124
-32.38920625716182,6.552667948698027
-21.555837638805823,15.995084062564107
-21.225361716480585,37.4734733861541
-0.9419863378082347,64.20760006579502
-7.631019538890014,41.83616798898525
-16.935626324296024,3.282069056753545
-43.034165973645614,7.867328614713683
-0.8101315314132727,1.3120466336661156
32.620721938932554,9.267103085287259
-41.179714748279444,26.170112747318978
-39.48650106517181,10.100003963702378
8.857707150100318,-15.91044721629471
-8.75924063473739,65.21586089717941
-20.240813492387037,9.862854730178064
-24.52713102222584,16.560240930571112
5.290856226220043,-0.13428273187385642
-10.145968340267643,19.654426750745394
-41.19885142917977,-11.152030750603068
-36.77165447156915,-8.257175307304102
-38.33862170774129,19.628450120560174
-32.44553165080646,27.154794144358313
-17.665524450854367,34.16899517858526
-20.29463559171274,15.62910141520728
-50.979363281949794,0.6962095413818741
-27.660750273074736,11.998448737546987
-27.611312793649848,21.748826870204965
-57.31268555115741,23.99004891439011
-32.37693541573785,-24.07001256464875
-21.388008171192958,-14.692409158842715
-36.96651509493266,-8.288303782617458
-15.443023343821253,33.94608068016671
-32.06434934676931,11.119197972565281
-2.6038004413784677,28.14838442950817
-26.17025632603585,19.3523709841012
-3.872559757807281,17.905669850250224
-30.69375372212368,-22.043375885117655
-21.334748947747215,23.284310685795916
-1.842737903219657,54.47977743156429
-39.477212389406915,10.615964885176409
-8.15587631445463,13.269126440148199
13.226711448959186,3.914466690073831
-12.758349240106725,-10.10614912756057
21.60886237254681,30.858964584638912
-4.91733104102277,-13.33695731666472
-13.209181617349735,23.44874089236224
-31.462688937432805,-0.34298697345963447
-6.617648179646023,39.807007729700565
-12.954825903823329,-8.359843411122835
-46.446560189094285,21.720593695150377
1.0804003258680765,-6.369026366650122
1.344693014683898,12.519350206335858
-36.80099240769853,4.649727719980233
-48.53439718737445,36.16799351047452
-27.415653241876015,-22.119751655860206
16.004879234595627,17.10538225757322
-31.35980648100955,-21.57342580920098
-24.203020069062912,47.76785769253411
-18.218518031433913,38.36783208857288
-16.004244110053406,11.62662739339982
-32.89272248503017,24.672784148447384
-13.286512599617044,38.60466747974492
7.93565713768238,-1.381222244519103
1.8733463807411042,-19.670468484751243
-20.037795239275027,-3.314750866029108
-26.32051251705382,9.518264200638663
-14.073832220384595,23.79725804501427
-9.656793265762865,3.9757642278381766
-26.156873040696876,9.89165969586866
-26.33401051744972,10.381855798169866
-28.682413377660406,-10.490065583033207
-6.36451377087897,21.146352948373604
-16.8001099899219,27.21020260654151
-34.403577178514716,32.01887084224811
-47.08703199595162,10.053549943171852
-11.008560283111647,29.477511181125063
-27.88653410372336,32.627015293380985
8.263712241985726,55.92605203128507
-19.863709066269813,-20.352929861892818
-8.63692158159995,9.269944223971738
-5.167800956120537,-13.165584195912324
-35.167675007660364,-15.903145615813248
-4.013584665369187,-16.15933921394386
-30.454349849095834,-7.286819204790191
-14.072210403396856,20.772159898262544
-60.85006928403322,-24.008572914055698
-19.233700702916888,-44.851139824008584
-27.129891416766338,24.808022212203444
-22.00813331573783,-29.018450043801366
-60.23922446409031,16.78124903986575
-21.49873440191603,-19.61738982641185
-4.981944170254225,-22.548083105493994
-16.741218565379384,29.978601644095463
-31.031204997067228,-3.7133114122904693
-1.1653758807063674,42.32773619407273
-17.11926659122685,17.127444376474088
-2.842409866734588,1.7495227474288342
-16.147485388176268,9.323410059925546
4.787124836288541,30.63259026510876
-18.156237223381577,47.51390971490182
-46.18427010593572,15.989189584547887
-26.756163198560536,-54.49114893447667
4.436974492538521,32.76122529576406
-24.219820406633893,-5.885502754773636
-28.28358993230805,0.4061772325215891
-11.076969291573258,35.60290995046315
-29.400982702869157,-8.961557022187879
-14.383936962257412,15.39006139553372
-30.16950153506155,3.264006152802197
-34.530750312620185,2.8566246271094577
-28.687296005296854,3.6163300952258925
-17.998721557941828,27.772956544584172
-23.21830325060956,36.79431456227739
98.18761831421348,7.120788298798438
94.94253480297586,54.53302242337364
83.39161324477345,31.026041028583418
83.28999118367565,33.263614890267
117.86429678018422,1.5899127445011558
103.47770314931927,61.33397649721004
96.95361109929475,54.654241684952474
109.26448146565434,70.44486159884208
128.49198429938548,44.90331060215983
99.79108816171255,19.401235928332877
126.40147072475256,9.47821219944743
80.51878612287376,13.080077955451166
94.33784518901426,68.97357366817417
82.64227285414856,4.029117667896138
81.05677630439432,41.58526972530191
97.41713748005508,46.6778034019227
107.06886055451666,54.330021497130375
84.20068926901318,13.86568097708431
105.17641461714955,61.6015749252909
87.05949927796286,47.36463632686423
101.67600386110144,35.555826823232074
114.83117876346978,63.79983417487812
107.51481998411228,41.71841845124958
104.68636254903805,16.688332208975048
111.66186238535649,46.217895142626176
99.3715860581051,31.88346837545848
59.07280705897543,34.57348706011412
117.34628190778234,29.718158492858382
76.8707315360802,20.648404079465188
117.66909545975172,-1.1957790881548291
129.66255402652192,29.962077630053315
106.45014038669342,18.87826419570724
100.3789783310694,29.7329155203575
75.66807101572437,37.483484811023914
84.26888832237968,31.51134025489378
97.41061734975284,34.658241224468824
61.76685323748625,30.988687935855175
94.86265070900463,45.12940738389294
86.14904985470656,53.12988407850044
105.7677421387442,20.51103683280429
105.3437451565949,45.62922590078746
120.9714755037451,15.898274836885907
110.69499542213653,17.072315178249116
98.56585385779557,1.286859517834145
77.06443386508599,51.90193080816032
89.46637543778321,30.920460338299513
99.18005412178312,55.696283302429606
118.03980168429098,49.4617015532033
127.38707523464161,52.79496904131774
121.14126412322283,-4.297041444181332
96.04331239535723,37.03463211194916
114.32611740972008,-5.64575496555549
70.6416974674102,23.627125247126955
92.24587356212982,64.8315669285233
103.81472980367545,27.878174919889886
88.35691847335822,38.39058825407867
93.57355715865863,17.61205951015072
86.98815334167256,15.413292802912821
105.27315434829819,74.74431688026496
112.36316726841793,11.895915595203395
117.54195829577499,47.22712672587786
101.91168791927333,53.60875372920292
95.56623827175078,31.402219943125395
105.55482176886383,23.326825651498048
94.07550062162629,50.66126369864037
115.25460167880644,27.824695204434118
99.60264635739492,54.13635672803761
122.06124638404238,42.75739791024721
108.00253423502537,80.52818714531477
87.08671235564242,64.85767425069034
88.14636996121192,55.06150326302105
119.03584501368228,5.330897994155045
71.7638810777117,56.614615023472865
91.02025112903378,71.66482796096369
90.6745778956716,24.82035843930511
110.44157138038565,36.198357234875964
93.33755650251226,51.19028409924029
94.40718626394154,50.03451993459377
118.53367530886084,43.81273945803379
95.69210996834221,55.52471815771902
80.79193470499035,32.68608567186788
92.73530734999869,70.0010427100996
108.67111885351058,61.942766759334525
88.78991358067438,45.87922698310804
91.82725290790135,61.87981695364795
112.06301347246709,80.3893658468847
93.09958927595406,4.11240574922153
91.56483726809839,13.39524851889827
107.63354639299985,40.3649636652021
78.05506552131747,52.55742967847219
117.30489953572254,54.94307195311001
89.33848216337874,32.15667280426757
106.53356409360039,38.46132059740411
110.32716608164249,26.56982644093759
95.8076265553807,53.29050457161464
115.46477686182322,68.15460351616375
105.32983152604794,-0.8500169026983428
70.86773731319178,55.37257738430424
112.36508573494805,24.20820667096661
104.80434272385965,60.555279618883944
110.0916894458449,7.039113975586588
104.41649449605107,92.47761393312857
90.03569901557259,43.45613321588407
91.66664446838604,28.148029498427587
116.13702266856305,69.4313040130859
92.66249806697512,64.74533488211415
91.20353138318205,31.563761518994852
114.72076660001628,82.71048337503275
111.58708894083401,23.74511882959117
114.61569849201638,31.482340478318704
106.97169965307286,55.79151209551402
73.64711876416422,23.510469297176726
83.62574849059598,31.164418294447664
81.26231588877272,41.55709001663037
103.31314793198784,59.441201599123275
94.59371017430315,31.55799526987908
93.32975137692893,41.34582986833555
81.92340740353629,35.661273473482254
96.54724912866367,51.344631128998884
122.92525867954349,21.064966143640255
87.1623692746632,27.48153569664929
74.66401179667318,15.829095012631203
112.60523135256747,51.72289382758531
122.40391480788473,14.164448389981814
90.48361385888707,75.88767050453997
82.16037838123482,29.321250358914327
134.7087546036956,15.576999278951295
80.36688262958702,46.33876805020038
133.0276059031147,27.081341138795427
93.54360102213116,39.62204059628801
102.79278657343997,13.903820053215703
102.46992647924561,53.42069360572364
115.51431722821205,57.38368379120093
84.28845498750127,43.66160992394948
107.70033279326152,43.88198668867458
90.98484415737225,44.351286081961604
104.10508683122656,40.19979149396222
106.9806668410317,10.338780412419876
89.68925885684239,65.8948928340331
125.29013519783729,17.155283511635602
119.50460240983526,50.905652771581465
96.53852906440848,65.46719845142113
113.3143426186992,5.377509306381086
97.31147140806931,45.487512950639655
109.09556377144297,40.95240607718039
109.38725555136409,39.994653597472194
77.7110018933665,57.12152486472871
88.29780919861618,36.483479101955005
97.33739570393497,29.066095471506337
102.15680954226193,28.477332055203412
108.14001361687146,54.775652036044576
117.45556218625018,18.723271201062524
109.7910823268388,-5.050059885153111
89.73128949155844,36.32553244374665
70.7805289094811,48.61244579068505
98.45261728187357,71.12690419837725
88.00944127403085,16.23334966785947
98.76287705803382,39.280204489696054
103.01043948905014,42.61004493846038
102.72812669326588,39.05996848766201
112.42199855801971,76.39551363790255
84.42621170749024,4.667909787250792
76.325410573948,40.05663997035971
104.79150138138766,53.35116257219771
101.52272834289391,42.277797155526066
109.06408750144969,40.73125256349265
96.01906413085784,30.513378304670525
104.73406005775954,0.23552084005519447
113.94924069419643,24.902154103436093
131.09803264807132,20.41615434828184
104.44498005625304,25.40473126950232
89.60311558607133,43.97610200290911
85.33746638361244,52.9751083329412
106.22030923136056,34.62243295134127
111.30733235472107,3.338490628735869
97.32381191060774,21.22710033247907
121.14714477612395,25.869113412904724
90.45946461027219,84.72420378179817
152.0208380110288,38.94139522760093
117.178585355409,24.484959084395555
90.1310098432363,47.29080652604608
100.62713417182695,59.8433328718943
89.09398509797684,35.38670022065695
114.19433027468929,-2.978961829502822
87.22467045126294,26.86943221016979
124.12029968662115,51.259275769212934
63.93335676409506,24.88310557836183
112.27684802248322,32.060681690791164
104.11016217814922,47.297258161194925
77.19164580426755,37.70224241367145
89.29062300668477,19.313879835787382
115.82474482782334,40.61887820195223
98.98222836897232,1.1943522621142577
110.09406091651245,35.217955126835896
122.27508612867189,39.268955631414855
121.40919454399939,16.06372512986168
137.28327465535276,22.834438825744083
91.65439418158984,32.4340757375854
99.5679576631444,55.60973375530222
102.5621535486447,64.82250577524086
119.06225395498522,20.22534268409647
107.95158824030887,19.27108940090102
104.32303103430972,46.70171638052116
83.87502478278086,18.76388528986265
88.73771573350461,49.574463935720104
120.66164063097389,10.583728163825278
93.2887738745427,48.340807169912736
127.5625765400801,33.64528465969412
100.237759870623,2.548561901171645
93.7958834135704,62.768963434187114
102.22902007804065,11.846493074180998
106.33138477813003,49.6262031694457
107.09550716840815,94.87528805035919
117.61168251764693,71.285373368828
120.89666043199465,48.08067381987152
96.16643769883221,48.39666982605244
84.81545722230318,44.96847823620471
105.09335226941812,52.33039139164839
88.71428717977469,45.35423741365005
111.1614882435354,14.613927842492053
116.01966001346914,29.016277467866132
70.09860491900211,9.030960477647486
110.74716087455302,67.13120934549767
94.20681180870223,70.43571099235537
61.96812991534208,39.22563174953652
119.11346574973729,56.144947003166195
94.41278733338137,35.694799523654154
101.88496119504336,41.941303334170996
78.05786060464375,63.38649685781279
113.59535500823488,12.862093770632882
98.9585127607394,67.90998504865676
114.7612612904369,53.96578499785422
94.82044540765047,78.48913491849261
91.13818753205923,31.994301178938805
109.75950941494453,85.63916737847235
79.68522671267564,32.667347865944656
83.7435571046333,51.76172958895075
88.0438767246716,32.02024387178519
124.66151111977092,48.43997087509306
94.84719259193267,57.071682551091676
104.72445833021811,32.982702775353296
91.28002229601486,28.812781516742085
103.5605497517213,19.25011142488572
119.48059081152921,8.825989997458453
101.02743545352979,18.253506609209253
109.97285524847621,44.74216873649772
93.91596697992227,46.49086961185774
107.57064887664222,21.609528173759376
117.2399225126743,45.11990256499602
100.42722902908628,32.21831004923167
97.83420973633905,16.336437542051108
129.54523722612424,68.45496755725503
89.64842627728642,30.504201236516003
121.68726718539688,60.07860659840892
121.60410198961793,29.688556356968178
121.88929896002782,41.16111436688735
94.22575167966143,9.191139951454122
128.84998776007615,58.15332725612555
113.43175670843073,32.31720487962494
114.78889704412266,6.166461584427253
108.17965395826286,67.27473635367829
80.29584255807738,18.80830855715299
82.73908871522568,62.416440224822104
102.02173183450368,60.752923129738015
109.32936504972142,25.89285351762637
118.65672273298587,7.603702457987119
89.35028996339074,51.47702293538753
104.136422622453,47.36721943268639
98.95886267816246,44.47651254392643
90.72162871844137,18.87522897243788
90.73136318354102,53.43749860624717
97.49267295451895,34.71114911562523
76.24590493525986,29.732747735011536
88.55609783307452,41.48551494546754
96.27557452736858,38.8927508922226
111.40037723957322,18.321104872437424
116.99859590363344,26.904012724040708
96.50074298718637,13.9977602133632
114.26949814637987,34.635831924025155
55.54388174223642,54.12097953982898
102.5360818240234,32.60796914821967
113.95794130613866,40.03678506698926
102.60396232356587,65.52444417658398
130.9613179680716,62.59964857989284
116.39767469761537,59.03453210772222
110.41633672084905,64.4668598950505
103.20240649730331,46.41274699550565
104.68899770921185,69.32805246169109
90.86341169184377,57.87187725950183
94.17678176574391,13.1384347096464
116.85932064757236,5.98820854946365
108.3965629310159,45.43499737015521
128.08577075030013,28.148250234637047
104.95974530014223,62.56989109217159
117.94620024469931,42.45658885815722
101.45316839976427,36.44847176029296
99.53819637109416,42.78557403306229
95.42565171667556,45.282848254169345
101.96543020932415,7.393342437963035
102.27584652608894,35.07890195324611
81.07330748708719,43.85009472313217
97.51492790139696,39.72970056192867
134.9561997661805,34.06446990521223
101.45673878529699,43.32511826181882
91.1735004942302,38.98094238932182
99.31933786710186,88.51719581160883
114.49219586530543,30.518847860849913
91.87480759008814,11.463183808474877
112.51289297448159,49.93452985638049
96.48967014780256,37.26307354364572
111.79902055408864,39.946970496594545
83.68238715842503,55.383631457528196
102.9592549342006,50.2688051366545
103.03840752048579,53.95797915814285
106.67867041583307,50.9725756275477
97.2077547067288,44.52804537110226
105.26730449862583,6.345525935249356
74.68299075872142,30.53127923008564
111.40555532196812,64.39531852379478
98.70500548708345,47.10368941078994
123.49801673382566,26.374333498588218
84.29202555495321,19.130299442470438
92.46366961040968,27.21049522494573
104.01986886981089,24.218176907961507
105.99685798340832,33.11938234628072
102.16377924036487,61.16639841950601
91.98974094460911,41.4422417294917
116.1803645966886,68.903070362998
63.602928343481324,22.542384250769494
98.92386021149795,13.371500098615012
94.2081793145041,59.789283621159164
86.22964293731093,17.321196978753516
113.50041825410216,39.551575911126875
94.00677599523581,56.73269911365833
102.19129786374248,43.230420901003804
111.25088691539946,32.97286042828774
98.34181558360643,53.789627156412
100.91361830805708,67.90294262862318
107.57383475896654,35.43682851562771
108.40072534581765,33.65783803287741
71.61561619010618,6.9040563031488205
126.00464346555913,57.126883194983904
97.34143438241135,48.651986510170154
99.89174136638314,7.4904140357502484
89.327693678839,61.348228193939676
97.03524551884493,29.394100237640053
114.24134113644949,39.33829388241368
87.16159462973913,35.94743523959337
91.77904290181053,28.455234956382803
76.957904237539,57.786090388996044
106.10762315362848,24.005440939799364
104.31772857267896,79.20272276789552
102.66008915268529,12.357441748409272
111.52858185058092,40.788266081343096
102.87410752145155,41.32553622141491
113.52138186708967,36.04347865494283
127.86829608924026,40.676298644028385
93.72385863429523,35.209716586539656
86.34413401281208,30.529665822266683
98.6614853731767,12.690502131055776
130.16001903871015,35.61471815808579
113.58586686118731,34.28939986086669
116.84436633061236,47.452211096633405
102.02378937584777,45.70215047477652
82.73613353319095,39.88200006812254
76.67807154247012,75.17420877263939
111.00190415279255,48.951627444543035
132.21299333249493,71.85441133805531
107.62791050313108,24.91996073975925
67.05231426236847,64.52078229926109
113.31074266800009,61.6149446834944
90.21345449383847,51.683254749729485
119.80083581042612,41.41524474632648
81.49683941576339,71.5373853682668
93.54383866422161,18.73155466180531
102.74422286400733,63.846271290574386
104.48989177624166,23.46248522892343
66.9979208839394,39.024781992722986
92.10476239191918,48.31402237519603
96.18708848539978,41.61335353952414
107.52738480064578,16.41817581420137
73.26409639256819,47.96994050102785
98.19099153336998,96.59396381238622
92.35928771402527,30.597554317470898
106.52913782365478,19.049177116995153
117.88001269127044,13.257588576815973
91.41958420154121,48.42525657735025
103.34708987699203,49.19184985216618
97.18925703608286,31.152702576291063
102.30061099403349,20.509988077235533
106.64723050551831,45.001403619101154
84.28617341016441,36.321900701088765
106.51566357177309,58.679778281013036
93.37892508508352,65.11882831229033
102.3844588137064,67.88111967952206
111.25937894394231,63.52870138285425
99.88861847015251,26.702392119591124
132.12683998078586,42.46634103703709
104.06757753285464,48.72862616683985
105.22237456589794,71.86785373543296
100.05092169725052,57.98364055337554
107.66917128118594,20.928910448998757
79.4221520792707,25.40188474973761
93.79645410221828,29.86034334377086
111.58497205443344,35.165236450293044
129.2300361649407,36.21393761898766
90.30104248462732,52.55705289235996
103.94619645818159,50.38265584991541
79.6314854323865,37.31753454743559
106.7677762049332,1.6233726555008587
113.86099498199057,49.395615803917785
99.69074662747636,53.196715863264174
100.57244009860953,51.48627798082099
104.29465748172636,11.777248687292897
119.26035029226328,47.778335932138745
97.67749917680517,19.515965946579108
99.35107561531255,19.00903580108828
103.66493265170887,36.48627519661023
93.67788756714124,63.28076372644052
101.93200400482797,9.11378290231174
111.8653568549224,28.729293501663513
92.7935130521093,68.9175809256722
96.23579803769067,16.300059793225596
106.59540326699813,49.43296556969044
99.61640752870343,36.499939906681035
137.34054226080772,34.26030364150624
124.7503983654016,58.23018168505064
96.78398115295552,9.370624000010743
80.86288280391037,38.25857967385865
134.233151406064,1.6804569765535717
91.82631927959011,72.72908023270786
84.82046133264207,29.084150967457028
91.35657380698122,25.45036410049058
65.64825374583829,46.9534686031123
113.81025293729297,55.98980591369182
106.74509824301772,63.73778034727177
119.4613715767944,30.73335278589169
97.75685469187516,42.95184729040783
98.41072093384483,39.88401829451332
88.10884303487781,67.10926674275802
106.57206593102582,23.801657183981344
92.33128055837274,20.366735056347718
94.08512771602862,43.2913687736134
83.90891253525345,52.92092367555318
91.50084614966592,45.56835068861844
105.89814823835549,67.79490936752964
125.75809512112298,40.71915709409445
97.84613060364389,24.548746957834837
90.95359379993954,32.231176650802354
63.5388107112121,29.67879611752252
68.22660743497615,34.626630712070614
96.81572451672548,57.58158251477187
105.77472673377261,21.160245823368065
104.3227266792545,38.6831404755994
90.42889442298677,40.38422414330741
120.55220470823494,50.4139252402534
118.60326089136166,24.426526797386135
83.58147147634662,11.816021475953413
114.63746492151677,19.591291433485534
101.04102794552203,33.41525226093595
84.59099356028032,63.79689860588658
111.64369508835209,56.71044019897438
121.4307140292614,53.01261608550402
92.02513029185809,37.19449726467394
70.21199969762851,73.16752918443876
83.20865200051561,55.33987716524317
94.1192732317151,26.585989992838318
106.0428177195763,34.660420118934006
96.27800607466497,49.040637566748714
76.78583390834976,38.67289837359859
110.07188329080148,35.93332838787047
116.21545025383273,54.34319009621162
97.65081917677179,10.505275246306923
99.38232783114191,33.862071907478956
89.55635452539262,63.671016336376425
113.83461256822952,61.76499731780275
117.94112578860631,23.606622538588176
119.21972467330284,18.18687383655728
115.65457000014243,50.8969666697302
94.63289632285151,49.94871228578952
89.10207572279262,91.80421351005968
115.06029142103733,78.01173977602409
104.27258054131195,20.58150092275044
96.58745456144771,32.93092120937369
118.18707136106349,44.137790310383
91.27945056320985,82.67891408681173
80.85927465808982,22.65152884220852
101.95228212784032,22.937978075592223
85.64253706458669,28.740861877895675
109.42764507950642,41.896559499810316
99.58997197424672,46.89440480102077
80.5685486672225,66.94482025743831
106.85206993029978,56.339177689821994
101.7980388517258,42.77938516353154
110.77333228975051,-1.8951420466939908
97.15451370552559,52.2956326600427
106.14611632528876,48.7393666408087
76.82903339558848,45.582187196327915
107.46430996943351,45.21093147319452
115.85700334646288,12.043178361262964
